{
	"format_version": "1.8.0",
	"animations": {
		"animation.player.dive": {
			"loop": "hold_on_last_frame",
			"animation_length": 1.5,
			"override_previous_animation": true,
			"bones": {
				"body": {
					"rotation": {
						"0.0": [0, 0, 0],
						"0.7917": [77.5, 0, 0],
						"1.5": [160, 0, 0]
					}
				},
				"head": {
					"rotation": {
						"0.0": [0, 0, 0],
						"0.5": [15, 0, 0]
					}
				},
				"right_arm": {
					"rotation": {
						"0.0": [0, 0, 0],
						"0.5": [-127.5, 0, 0],
						"1.25": [-175, 0, 0]
					}
				},
				"left_arm": {
					"rotation": {
						"0.0": [0, 0, 0],
						"0.5": [-122.5, 0, 0],
						"1.25": [-177.5, 0, 0]
					}
				}
			}
		}
	}
}